module,seconds
training_sec,27089.3724068
total_sec,27099.602167400008
