module,seconds
training_sec,37683.9003581
prediction_sec,123.82651009999972
total_sec,37862.5269949
